INSERT INTO ALGUSTO.USUARIO (CORREO, NOMBRE, TELEFONO, DIRECCION, LOCALIDAD) 
	VALUES ('alvaroramos@uma.es','yas', NULL, NULL, NULL);
INSERT INTO ALGUSTO.USUARIO (CORREO, NOMBRE, TELEFONO, DIRECCION, LOCALIDAD) 
	VALUES ('aproinla@uma.es',  'Aproinla', NULL, NULL, NULL);
INSERT INTO ALGUSTO.USUARIO (CORREO, NOMBRE, TELEFONO, DIRECCION, LOCALIDAD) 
	VALUES ('jmlupionc@uma.es', 'Juan Manuel', NULL, NULL, NULL);
INSERT INTO ALGUSTO.USUARIO (CORREO, NOMBRE, TELEFONO, DIRECCION, LOCALIDAD) 
	VALUES ('PRUEBAONG@ONG.ES', 'Rellenar', 6589571, 'madrid', 'vallecas');
INSERT INTO ALGUSTO.USUARIO (CORREO, NOMBRE, TELEFONO, DIRECCION, LOCALIDAD) 
	VALUES ('sdiaz@uma.es', 'Stela', 651681846, 'alcala/45', 'madrid');



INSERT INTO NOTIFICACION (IDNOTIFICACION, RECEPTOR, EMISOR, LEIDO) values (1,'alvaroramos@uma.es','alvaroramos@uma.es', false);
INSERT INTO NOTIFICACION (IDNOTIFICACION, RECEPTOR, EMISOR, LEIDO) values (2,'sdiaz@uma.es','sdiaz@uma.es', false);
INSERT INTO NOTIFICACION (IDNOTIFICACION, RECEPTOR, EMISOR, LEIDO) values (3,'alvaroramos@uma.es','sdiaz@uma.es', false);
INSERT INTO NOTIFICACION (IDNOTIFICACION, RECEPTOR, EMISOR, LEIDO) values (4,'alvaroramos@uma.es','sdiaz@uma.es', true);

INSERT INTO ETIQUETA VALUES ('inmigracion',1);
INSERT INTO ETIQUETA VALUES ('homelessness',1);
INSERT INTO ETIQUETA VALUES ('sanitaria',2);
INSERT INTO ETIQUETA VALUES ('educacion',2);


INSERT INTO ALGUSTO.PROFESOR (CORREO, FECHA_NACIMIENTO, APELLIDOS, GESTOR) 
	VALUES ('jmlupionc@uma.es', NULL, NULL, true);
INSERT INTO ALGUSTO.ONG (CORREO,CONTRASENA,  WEB, CLAVE_REGISTRO, ACTIVA) 
	VALUES ('aproinla@uma.es','caridad',  NULL, 'pru', true);
INSERT INTO ALGUSTO.ONG (CORREO,CONTRASENA,  WEB, CLAVE_REGISTRO, ACTIVA) 
	VALUES ('PRUEBAONG@ONG.ES','caridad', 'Ongprueba.es', 'PRU3', true);
INSERT INTO ALGUSTO.ESTUDIANTE (CORREO, APELLIDOS, FECHA_NACIMIENTO) 
	VALUES ('alvaroramos@uma.es', NULL, NULL);
INSERT INTO ALGUSTO.ESTUDIANTE (CORREO, APELLIDOS, FECHA_NACIMIENTO) 
	VALUES ('sdiaz@uma.es', 'Díaz Díaz'

INSERT INTO ALGUSTO.ASIGNATURA (COD_ASIGNATURA, NOMBRE_ASIGNATURA, N_CREDITOS) 
	VALUES (1, 'Estructura de datos', 6);

INSERT INTO ALGUSTO.ACTIVIDAD (NACTIVIDAD, CORREO_PROFESOR, ASIGNATURA_ASOCIADA, TIPO_ACTIVIDAD, VALIDADA, ONG, TITULO, DESCRIPCION, FECHA_INICIO, FECHA_FIN, NPERSONAS, LUGAR, TURNOTARDE) 
	VALUES (5, 'jmlupionc@uma.es', 1, 'Aprendizaje-Servicio', true, 'aproinla@uma.es', 'taes', 'asdgasdgasgasgsad', '2019-12-11', '2019-12-11', 1, 'ASDFSADFASDF', false)
